SAM,Fname,Lname,DisplayName
AliceC,Alice,Ciccu,Alice Ciccu
AdamB,Adam,Barr,Adam Barr
KarenB,Karen,Berge,Karen Berge
SeanC,Sean,Chai,Sean Chai
SuzanneF,Suzanne,Fine,Suzanne Fine
ClairH,Clair,Hector,Clair Hector
RogerH,Roger,Harui,Roger Harui
LindaK,Linda,Kobari,Linda Kobari
MikeN,Mike,Nash,Mike Nash
BenS,Ben,Smith,Ben Smith
PaulW,Paul,West,Paul West
KimY,Kim,Yoshida,Kim Yoshida
WendyV,Wendy,Vasse,Wendy Vasse
DarleneR,Darlene,Rudd,Darlene Rudd
Mark,Mark,Hassall,Mark Hassall
